Trial,Truth,Measured Stimulus,Decision,HP
1,True,2.2764087329627998,True,1002
2,True,3.0301110144988774,True,1004
3,True,1.2565026979242158,True,1006
4,True,2.650793954438783,True,1008
5,False,-1.2099213035636955,False,1007
6,True,3.1667127310421295,True,1009
7,True,1.619900297981851,True,1011
8,False,-1.2580035336618187,False,1010
9,False,-0.5243958918510575,False,1007
10,True,2.2679367725004442,True,1009
11,True,1.5986352353099575,True,1011
12,True,0.24613366034257078,True,1013
13,False,-0.8001734649518165,False,1012
14,True,0.27528588688776334,True,1014
15,False,-0.021845704967261025,False,1013
16,True,1.4929830434539968,True,1015
17,True,0.26921778567842397,True,1017
18,True,3.159281023313948,True,1019
19,False,-0.1168951344664846,False,1018
20,False,-0.1943096334711118,False,1015
21,True,1.7328138314715815,True,1017
22,True,1.1771813234217225,True,1019
23,True,0.9300690426197014,True,1021
24,False,-0.42630276741262346,False,1020
25,False,-0.03405461729197301,True,1018
26,True,2.142508008283255,True,1020
27,True,2.252970203825041,True,1022
28,True,0.2080307234490652,True,1024
29,True,0.009309563558334566,True,1026
30,False,-0.8166332906263325,False,1025
31,True,2.8684089934697736,True,1027
32,True,2.2103472954407586,True,1029
33,True,1.077625368557722,True,1031
34,True,0.19446577073888208,True,1033
35,True,0.7565962575238857,True,1035
36,False,-1.155643860711692,False,1034
37,False,-0.30772837533867003,False,1031
38,True,1.6755226578198603,True,1033
39,True,1.3331676510230335,True,1035
40,True,0.6297526827107056,True,1037
41,True,2.266489086903801,True,1039
42,True,3.0863437161451728,True,1041
43,True,-0.010885437966693218,False,1040
44,True,0.8950640795526894,True,1042
45,True,0.6874143831346011,True,1044
46,True,2.0888053145698966,True,1046
47,True,0.6569237896323941,True,1048
48,True,1.4203169233609207,True,1050
49,True,1.586518339231973,True,1052
50,True,0.18067838710655834,True,1054
51,True,0.9024127708449153,True,1056
52,True,0.8845830156468181,True,1058
53,True,0.5516239689928905,True,1060
54,False,-2.1043006852932042,False,1059
55,True,0.7661186500347011,True,1061
56,True,0.5312711624717262,True,1063
57,True,0.7421660879670433,True,1065
58,True,1.4217346166227895,True,1067
59,True,0.39998831884782315,True,1069
60,True,1.6321606826521922,True,1071
61,True,1.0744984183884903,True,1073
62,False,-0.72732878544736,False,1072
63,True,-0.021272942849950044,True,1074
64,True,2.311139825659836,True,1076
65,False,-0.7381253106844815,False,1075
66,True,1.0514288311489974,True,1077
67,True,2.724863127169158,True,1079
68,True,0.9240857801749247,True,1081
69,True,1.8951694108188426,True,1083
70,True,1.4965726219241386,True,1085
71,True,1.5519738922896051,True,1087
72,False,-0.22468732813457304,False,1086
73,True,1.0145250945726434,True,1088
74,False,-1.0078415927602502,False,1087
75,True,0.2605708900230816,True,1089
76,True,0.8044826672494,True,1091
77,True,0.8487199112623072,True,1093
78,True,0.2571752112260882,True,1095
79,True,0.34180874071040535,True,1097
80,True,2.5333842823770265,True,1099
81,True,1.4147102012147161,True,1101
82,True,0.4004348190482669,True,1103
83,False,-1.2306414233376606,False,1102
84,True,0.1285732421378183,True,1104
85,True,2.8420591638366823,True,1106
86,True,1.7537840445087085,True,1108
87,True,0.1826927797729201,True,1110
88,True,1.0296749436686052,True,1112
89,True,2.0640209564041156,True,1114
90,True,1.3313753372424115,True,1116
91,True,1.9201259130718784,True,1118
92,False,-0.19574405754142896,False,1117
93,True,0.7043986733553461,True,1119
94,True,0.4589984818818291,True,1121
95,True,3.0337597429268954,True,1123
96,False,-0.08187278724483207,False,1122
97,True,1.5438294724654376,True,1124
98,True,1.0057192160375765,True,1126
99,True,1.7969121801443155,True,1128
100,True,1.2753783796578344,True,1130
101,True,0.9937284978573514,True,1132
102,True,1.7317342960201756,True,1134
103,False,-0.6556078492934866,False,1133
104,True,0.5302517847301569,True,1135
105,False,-1.1608569007249172,False,1134
106,True,0.7102598975932739,True,1136
107,False,-0.8302957235591824,False,1135
108,True,0.11522927984817515,True,1137
109,False,-0.14004299276383667,False,1136
110,True,2.4067157396546053,True,1138
111,True,2.555574265154253,True,1140
112,True,1.337724819893081,True,1142
113,False,-0.5149082356508504,False,1141
114,False,-0.28125023755721357,False,1138
115,False,-0.27927338734022594,True,1136
116,True,0.9248107576130302,True,1138
117,False,-2.5426067356732522,False,1137
118,True,2.3414304344231507,True,1139
119,True,0.9633261041210363,True,1141
120,True,0.8501097066980964,True,1143
121,False,-0.6459972950181949,False,1142
122,True,0.6808696846990505,True,1144
123,True,2.689413885831969,True,1146
124,False,-1.2977032660522292,False,1145
125,True,1.6404271728468793,True,1147
126,True,1.0126049067103922,True,1149
127,False,-1.1692008004287315,False,1148
128,True,1.3713800270108465,True,1150
129,True,2.204036720959049,True,1152
130,True,2.1619533068503656,True,1154
131,True,1.5043501203264973,True,1156
132,True,0.0677054459472351,True,1158
133,True,2.143866160558256,True,1160
134,True,1.9781816873843612,True,1162
135,False,-0.11132879335256607,False,1161
136,False,-0.3572490214683687,False,1158
137,True,1.1231001716701032,True,1160
138,True,0.22847251115950576,True,1162
139,True,1.2484100406043421,True,1164
140,True,0.5448754579763813,True,1166
141,True,0.6432657190471321,True,1168
142,True,2.084486296514455,True,1170
143,True,3.4019645480329577,True,1172
144,True,3.0797479904541354,True,1174
145,True,2.103700032841196,True,1176
146,True,1.456917624473168,True,1178
147,True,1.1071642837529039,True,1180
148,True,1.1822314195951042,True,1182
149,False,-0.04752117319875427,False,1181
150,True,2.7889188883137224,True,1183
151,False,-0.46199013403686706,False,1182
152,True,0.9249327862809661,True,1184
153,True,0.37510571269723647,True,1186
154,False,-0.2924399753282378,False,1185
155,True,1.8244547900733803,True,1187
156,True,0.9138994056689467,True,1189
157,True,2.364456517558396,True,1191
158,True,0.7316430020536226,True,1193
159,True,2.5247941021877667,True,1195
160,True,0.630901247277077,True,1197
161,False,-2.5626443350360737,False,1196
162,True,0.8151580426287528,True,1198
163,True,1.1914870876136967,True,1200
164,True,0.8163713729224051,True,1202
165,True,0.04933388271136725,True,1204
166,True,1.3981313271055407,True,1206
167,True,2.5379658216002916,True,1208
168,True,1.6295274437939677,True,1210
169,False,-0.9901548738084156,False,1209
170,True,0.9589879872765712,True,1211
171,True,1.0769830518716155,True,1213
172,True,2.442847327919242,True,1215
173,True,1.987431864492131,True,1217
174,False,-0.014510849665222002,False,1216
175,False,-0.9195833661832921,False,1213
176,False,-1.2155505509673135,True,1211
177,True,1.3545427779219528,True,1213
178,True,2.480424829629286,True,1215
179,True,1.6233420743975628,True,1217
180,False,-0.35597354486061833,False,1216
181,False,-0.17174605670206963,False,1213
182,True,1.7334348600691853,True,1215
183,True,0.6356029548021387,True,1217
184,True,2.1583418890944426,True,1219
185,False,-1.5985977504778761,False,1218
186,False,-0.31532624125818876,False,1215
187,False,-0.08267275202885482,True,1213
188,False,-1.4129609807171164,False,1212
189,True,1.574063694015914,True,1214
190,True,0.07507560053443593,True,1216
191,False,-2.783284157418992,False,1215
192,True,0.18019276099945108,True,1217
193,True,1.224412829557441,True,1219
194,True,0.1383348972133719,True,1221
195,False,-0.253589874806617,False,1220
196,True,1.6977189282910128,True,1222
197,False,-1.2386529480123774,False,1221
198,True,2.2888223831030867,True,1223
199,True,1.3987058566646287,True,1225
200,True,2.035011760264396,True,1227
201,True,1.3250755311925586,True,1229
202,True,1.1768705070402157,True,1231
203,True,1.9561324944598066,True,1233
204,True,0.002636017198698392,True,1235
205,True,2.101476786495579,True,1237
206,True,1.156143467453378,True,1239
207,True,0.4859463299509463,True,1241
208,False,-0.29731333964203216,False,1240
209,False,-0.18589889895092956,False,1237
210,True,2.582042357202846,True,1239
211,True,0.891992490340416,True,1241
212,True,1.9107565148039012,True,1243
213,True,1.7104966067439968,True,1245
214,False,-0.38535912571615144,False,1244
215,True,2.1923374010049517,True,1246
216,True,0.6377204232554181,True,1248
217,True,0.6179728532660608,True,1250
218,True,0.388766152850404,True,1252
219,False,-1.321614360618769,False,1251
220,False,-1.81454700295802,False,1248
221,True,0.30706145378889743,True,1250
222,False,-0.14831779580087823,False,1249
223,True,0.4769571973508883,True,1251
224,True,0.9837343086281373,True,1253
225,True,0.46627432518260853,True,1255
226,False,-0.5403990112410442,False,1254
227,True,1.3137139927271138,True,1256
228,True,0.33307831799415843,True,1258
229,True,0.4701322298432111,True,1260
230,True,1.6976781601982238,True,1262
231,True,2.8198510015911,True,1264
232,True,0.24120352262356545,True,1266
233,True,2.2358804191497335,True,1268
234,True,2.713439312506855,True,1270
235,True,0.4386365631536653,True,1272
236,True,1.966058449865741,True,1274
237,True,1.971770869208773,True,1276
238,True,0.11445216835448986,True,1278
239,True,0.7970146438103268,True,1280
240,False,-2.0288484510813385,False,1279
241,True,0.5721520796448951,True,1281
242,True,2.108485838751877,True,1283
243,True,0.5431427697162352,True,1285
244,True,0.7140413122253959,True,1287
245,True,2.996435061083013,True,1289
246,True,-0.004544561654910517,False,1288
247,True,1.5931464662228394,True,1290
248,False,-0.5283133664295863,False,1289
249,True,1.4911484060124767,True,1291
250,True,0.5858891143005484,True,1293
251,True,1.8772782785745814,True,1295
252,True,2.5391378986147894,True,1297
253,True,1.2363883018483144,True,1299
254,True,2.1648879492997115,True,1301
255,False,-0.16270795754069978,False,1300
256,False,-0.05735751323707691,False,1297
257,True,0.7384083522351529,True,1299
258,False,-0.25023792834192543,False,1298
259,True,3.196733290923487,True,1300
260,True,0.38718007496478246,True,1302
261,False,-0.40476336914600347,False,1301
262,True,1.3147570556264108,True,1303
263,True,1.5875435689614035,True,1305
264,False,-1.4102777448777106,False,1304
265,True,1.1700763805851826,True,1306
266,False,-0.8708621323761205,False,1305
267,True,0.6102291391948991,True,1307
268,True,4.21899587603496,True,1309
269,True,0.402619158684027,True,1311
270,True,0.5014521241221648,True,1313
271,False,-0.4573079207652962,False,1312
272,True,0.532381401385338,True,1314
273,True,1.1721932437921334,True,1316
274,True,1.4599167016515397,True,1318
275,True,0.9210777732963692,True,1320
276,True,0.9189972463294911,True,1322
277,True,1.396767286359012,True,1324
278,True,1.319653250746533,True,1326
279,True,0.3318432661951704,True,1328
280,True,1.8133695823518785,True,1330
281,True,1.4083040505180435,True,1332
282,True,2.5204658668168203,True,1334
283,False,-0.585565438073839,False,1333
284,True,0.8216080004208465,True,1335
285,True,0.7717488464275433,True,1337
286,True,0.7928155458233127,True,1339
287,True,0.6829575779565528,True,1341
288,True,1.2180457086526975,True,1343
289,True,1.4683211440648694,True,1345
290,True,1.6785171254197062,True,1347
291,True,1.5395222535995996,True,1349
292,True,0.4958928460734754,True,1351
293,False,-0.7634784799274523,False,1350
294,True,0.19468183671979902,True,1352
295,True,0.7417173841279167,True,1354
296,True,0.6680706855985096,True,1356
297,True,0.9798304108391472,True,1358
298,True,2.0539779232452067,True,1360
299,True,2.730161296454062,True,1362
300,True,1.9893984970223448,True,1364
301,True,0.7619075379005159,True,1366
302,True,1.4931378330033185,True,1368
303,True,0.06777296541804952,True,1370
304,True,2.402784601893181,True,1372
305,False,-0.6257977180140525,False,1371
306,True,1.5937259899076561,True,1373
307,False,-0.527394702614237,False,1372
308,True,1.4850201301654147,True,1374
309,True,0.6176032897622358,True,1376
310,True,4.157455268621102,True,1378
311,True,1.659775110881459,True,1380
312,False,-1.0548529561382223,False,1379
313,True,1.0341123073612692,True,1381
314,True,2.474276252376371,True,1383
315,False,-0.34138804223980407,False,1382
316,True,1.5507785672559438,True,1384
317,True,3.761405548793854,True,1386
318,True,2.3640151714962,True,1388
319,False,-1.002858625625803,False,1387
320,True,1.109316252183196,True,1389
321,True,1.0397913363662283,True,1391
322,True,0.1911209927966911,True,1393
323,True,0.6298153260814804,True,1395
324,True,1.7852797781839955,True,1397
325,True,1.2466668001293688,True,1399
326,False,-0.6251456597700397,False,1398
327,True,2.9662017174507698,True,1400
328,True,0.7564880731083338,True,1402
329,False,-1.5908813069479733,False,1401
330,True,3.112101442130153,True,1403
331,False,-1.6210436308906018,False,1402
332,True,2.9570958723632983,True,1404
333,False,-0.4567767618558081,False,1403
334,True,0.9376709585217919,True,1405
335,True,0.7375644776526034,True,1407
336,True,1.6907814049505292,True,1409
337,True,0.47202247881561504,True,1411
338,True,0.305561426004397,True,1413
339,True,1.3930223049941104,True,1415
340,True,0.6616430238397029,True,1417
341,True,2.17614654779892,True,1419
342,True,0.11576848587960105,True,1421
343,True,0.7251200769003716,True,1423
344,True,0.2892743601972008,True,1425
345,True,1.016958296682647,True,1427
346,True,1.6254096991224367,True,1429
347,True,1.8246478153750956,True,1431
348,True,0.5717000343460752,True,1433
349,True,3.1181294827233947,True,1435
350,True,0.39075678119330165,True,1437
351,True,2.1759874926264553,True,1439
352,True,0.8828121471627112,True,1441
353,True,2.96810344846303,True,1443
354,True,1.2132560919695239,True,1445
355,True,1.774465796760716,True,1447
356,True,1.2752205127856433,True,1449
357,False,-1.078810997624131,False,1448
358,True,0.012146976363988031,True,1450
359,True,1.8951625508573255,True,1452
360,True,0.3185115395345698,True,1454
361,False,-0.9962378716363468,False,1453
362,True,2.4681343518763734,True,1455
363,False,-0.26676388653416166,False,1454
364,True,1.0990567234877673,True,1456
365,True,0.39162648599094646,True,1458
366,False,-0.75185533768354,False,1457
367,True,2.0849564762590975,True,1459
368,True,4.296374304858902,True,1461
369,True,2.680925274845925,True,1463
370,True,3.3371471937652064,True,1465
371,True,1.0787059684361158,True,1467
372,True,1.6175898965766458,True,1469
373,True,1.134642239267068,True,1471
374,True,0.7238708804789853,True,1473
375,True,0.3177694859872488,True,1475
376,False,-0.1822321163589728,False,1474
377,True,2.5353413492694865,True,1476
378,True,0.9823332808014001,True,1478
379,True,1.1825701305038905,True,1480
380,True,0.4918697244288209,True,1482
381,True,1.4545034904644598,True,1484
382,False,-1.309744185501678,False,1483
383,False,-0.6483258928266921,False,1480
384,True,0.9462478612011112,True,1482
385,True,0.6685351974512098,True,1484
386,False,-0.4852941943259705,False,1483
387,True,0.7114201111139564,True,1485
388,True,0.4102084327474471,True,1487
389,False,-0.06186191837443189,False,1486
390,True,0.5350188007330017,True,1488
391,True,0.11256384111426716,True,1490
392,True,0.5392222993249208,True,1492
393,True,0.5558231074867989,True,1494
394,True,1.7407593945370694,True,1496
395,True,1.3308403211391544,True,1498
396,True,2.1728038691687375,True,1500
397,False,-0.5340871910575742,False,1499
398,False,-2.2032009524766365,False,1496
399,True,2.4918554128847616,True,1498
400,True,1.6165357874190305,True,1500
401,True,0.41658036121517095,True,1502
402,True,1.4985008489204341,True,1504
403,True,2.7157778739731273,True,1506
404,True,0.20084844817126535,True,1508
405,True,2.170782959226253,True,1510
406,True,0.3218643966137573,True,1512
407,False,-0.9676966705069412,False,1511
408,True,1.3190320361185572,True,1513
409,True,0.8624028363123398,True,1515
410,True,0.3160027027167702,True,1517
411,True,0.959551213216924,True,1519
412,True,1.8771069019493256,True,1521
413,True,1.8236069781169193,True,1523
414,False,-0.3277605536308318,False,1522
415,True,2.7166512608990656,True,1524
416,True,1.674915942467058,True,1526
417,True,2.9728449685022094,True,1528
418,False,-1.4229719023588139,False,1527
419,True,0.9742724588430236,True,1529
420,False,-0.08734113441519975,False,1528
421,True,2.3766903246868494,True,1530
422,False,-0.12208060213830906,False,1529
423,True,1.6439967154443433,True,1531
424,True,1.6226574362607091,True,1533
425,True,3.9016823945112877,True,1535
426,False,-0.16517318989026825,False,1534
427,True,3.051217376571727,True,1536
428,True,1.2987465761016017,True,1538
429,True,0.9966292360298173,True,1540
430,True,2.0858508521964128,True,1542
431,False,-0.27170678909091117,False,1541
432,True,3.65893059594126,True,1543
433,False,-0.40057838901673276,False,1542
434,True,1.8333714519145061,True,1544
435,True,1.1055763765190159,True,1546
436,True,0.9143308145525024,True,1548
437,False,-0.5183783343909024,False,1547
438,True,2.2100280336996865,True,1549
439,True,3.8915339533448656,True,1551
440,True,0.6636660036052108,True,1553
441,True,2.5771380973223117,True,1555
442,True,1.9419456766423957,True,1557
443,True,1.7788003533229897,True,1559
444,False,-0.37306670393002145,False,1558
445,True,0.29354095789908247,True,1560
446,False,-0.7748687750369628,False,1559
447,True,1.0150304198236928,True,1561
448,True,1.2453716231827914,True,1563
449,False,-0.34702958537363865,False,1562
450,True,0.46564247231725864,True,1564
451,True,2.186641148482581,True,1566
452,True,2.878438008347508,True,1568
453,False,-0.2607337193839599,False,1567
454,False,-1.370406611732118,False,1564
455,True,1.4351413747057806,True,1566
456,False,-0.35731167817337095,False,1565
457,False,-0.9725301919259933,False,1562
458,True,1.3113804286596173,True,1564
459,True,0.8939092575321516,True,1566
460,True,1.2620039179106737,True,1568
461,True,2.4558597264658633,True,1570
462,True,1.833393933740842,True,1572
463,True,0.6351732850506822,True,1574
464,True,3.7335189653424252,True,1576
465,True,2.4777927466789333,True,1578
466,False,-1.705736768889087,False,1577
467,True,0.030230138581523444,True,1579
468,True,0.7337683723307661,True,1581
469,True,0.42428292953356705,True,1583
470,True,3.099591349832001,True,1585
471,True,0.05803342007655421,True,1587
472,True,0.4366458018224616,True,1589
473,True,1.6667318480759958,True,1591
474,True,1.4815674334989801,True,1593
475,False,-0.8117520083183498,False,1592
476,True,0.9586937679976827,True,1594
477,True,0.9420629702270209,True,1596
478,True,2.1624866048300895,True,1598
479,False,-2.308336298483159,False,1597
480,True,1.5201829461746412,True,1599
481,False,-0.3874866138252374,False,1598
482,True,2.2327745953458127,True,1600
483,True,0.6387963448022789,True,1602
484,True,0.1457999792261866,True,1604
485,True,1.9441667552300823,True,1606
486,False,-1.1235174545273314,False,1605
487,True,1.3620943170464548,True,1607
488,True,0.775259715266597,True,1609
489,True,1.13728178020164,True,1611
490,True,1.2492906765446277,True,1613
491,False,-0.12886120157160616,False,1612
492,True,1.1768943295625212,True,1614
493,True,0.7005853127580155,True,1616
494,False,-0.2845341227854016,False,1615
495,True,1.4818210574139157,True,1617
496,True,0.10929681263533064,True,1619
497,True,1.0420175548152026,True,1621
498,False,-1.7130825468715922,False,1620
499,True,0.23371278440393167,True,1622
500,True,2.3680785277263787,True,1624
501,True,0.7449110848241285,True,1626
502,True,1.2208256756700608,True,1628
503,True,0.3674522138305635,True,1630
504,False,-0.9048136828545879,False,1629
505,True,2.0463036306987457,True,1631
506,True,2.74951767257315,True,1633
507,True,0.6202171583425564,True,1635
508,True,0.8694712739938996,True,1637
509,True,0.7052863071255745,True,1639
510,True,0.4665268432760418,True,1641
511,True,2.2866980965029846,True,1643
512,False,-0.46666336660543173,False,1642
513,True,0.6354583369133712,True,1644
514,True,1.6336453863030662,True,1646
515,True,2.564143034564114,True,1648
516,True,1.2707035333779721,True,1650
517,True,0.15877504954994287,True,1652
518,True,1.0773808966006055,True,1654
519,True,0.33197607363614245,True,1656
520,False,-1.8781444177395483,False,1655
521,True,1.6067705311890526,True,1657
522,True,0.7694136038173989,True,1659
523,True,0.873656866213156,True,1661
524,True,1.5427176149031925,True,1663
525,False,-1.3061121589691924,False,1662
526,True,2.0782885667042637,True,1664
527,True,1.934868459711998,True,1666
528,True,0.49378644202101957,True,1668
529,True,2.459103067929228,True,1670
530,True,2.199374946460714,True,1672
531,True,1.7114052294265787,True,1674
532,False,-0.18662995492730947,False,1673
533,True,0.1592354766105314,True,1675
534,False,-0.01640721436574974,False,1674
535,True,0.516106143896744,True,1676
536,True,0.6020809935863752,True,1678
537,False,-3.2010650938959615,False,1677
538,True,0.6136681874359774,True,1679
539,True,0.6341482768622587,True,1681
540,True,0.16504576094830384,True,1683
541,True,1.631387756412102,True,1685
542,True,0.49705830361533576,True,1687
543,True,1.7217748741323409,True,1689
544,True,1.6233175094333152,True,1691
545,False,-1.619213921937531,False,1690
546,True,1.8065232717299353,True,1692
547,True,0.6426483237418908,True,1694
548,True,0.6221753734724595,True,1696
549,False,-1.6999037025274901,False,1695
550,True,2.2575281276109815,True,1697
551,True,0.8786704227849111,True,1699
552,True,0.7431207471945798,True,1701
553,False,-0.4290202264325239,False,1700
554,True,1.7915717427573463,True,1702
555,True,1.6600302637123605,True,1704
556,True,1.7885589481909294,True,1706
557,True,0.9468038857032907,True,1708
558,True,1.0406501099116845,True,1710
559,False,-0.36703738133526154,False,1709
560,True,0.9865912010243294,True,1711
561,True,2.591123429951464,True,1713
562,False,-0.38965697796768667,False,1712
563,False,-0.4625974138859358,False,1709
564,False,0.02043045408414978,True,1707
565,True,0.10098185093709638,True,1709
566,True,1.6533523553883633,True,1711
567,True,1.1248375496850584,True,1713
568,True,1.7318523835678827,True,1715
569,True,2.648832674764826,True,1717
570,True,1.509286588340585,True,1719
571,False,-0.5433809342341639,False,1718
572,False,-0.6017600757569206,False,1715
573,True,0.6317851369140828,True,1717
574,True,0.9966485300620351,True,1719
575,False,-1.3545965796636916,False,1718
576,True,1.816031970084298,True,1720
577,True,1.7416184354495676,True,1722
578,True,1.16913362988253,True,1724
579,True,2.8724889363975445,True,1726
580,True,0.5245127323694627,True,1728
581,True,2.375633912129454,True,1730
582,True,1.247953663300802,True,1732
583,True,1.18271282276157,True,1734
584,True,1.218891540937977,True,1736
585,True,1.5946101855576171,True,1738
586,True,0.08334786097912851,True,1740
587,True,0.5776562498123344,True,1742
588,True,1.8883296777701164,True,1744
589,True,2.5106105536855394,True,1746
590,True,1.81078855729008,True,1748
591,True,2.052394143997318,True,1750
592,True,0.19681802640161386,True,1752
593,True,1.4980666048845268,True,1754
594,True,2.545721696309021,True,1756
595,False,-0.12135381605518414,False,1755
596,False,-0.5498342761979604,False,1752
597,True,1.171968575624017,True,1754
598,True,1.9449307606802235,True,1756
599,True,0.37551640725612867,True,1758
600,True,0.12171734925413463,True,1760
601,True,1.4787518935082489,True,1762
602,True,1.7268808450711186,True,1764
603,True,0.6416688164431898,True,1766
604,True,0.5860902225648975,True,1768
605,True,0.6970387866046341,True,1770
606,False,-0.3772055042460388,False,1769
607,True,1.3773029217138217,True,1771
608,True,2.59197169650188,True,1773
609,True,0.023029676883270622,True,1775
610,True,1.4141094416436035,True,1777
611,True,3.0277654453812453,True,1779
612,True,0.5586863498866985,True,1781
613,True,2.027338702650033,True,1783
614,True,0.793138636153395,True,1785
615,True,0.48882765574473136,True,1787
616,True,0.746678532020948,True,1789
617,True,0.396955449787032,True,1791
618,False,-0.39991025538835956,False,1790
619,True,0.6553700865673916,True,1792
620,True,0.842360175682078,True,1794
621,True,1.6920327683101972,True,1796
622,True,0.5874420259204595,True,1798
623,True,1.1042527614206683,True,1800
624,True,0.9680873279683471,True,1802
625,True,3.168092426747819,True,1804
626,True,1.197320909956036,True,1806
627,True,0.7458072652828159,True,1808
628,True,3.177829951272992,True,1810
629,True,1.6011258257791625,True,1812
630,True,0.46535542020769366,True,1814
631,True,1.136141230508843,True,1816
632,True,0.33208876002618876,True,1818
633,False,-0.10829074266225319,False,1817
634,True,0.45607249513612697,True,1819
635,True,3.483493975804545,True,1821
636,True,0.7721117158501528,True,1823
637,False,-0.08792353147498705,False,1822
638,True,0.5310900987466595,True,1824
639,True,2.47087906875643,True,1826
640,False,-0.6063387162455587,False,1825
641,True,2.5663812243702138,True,1827
642,True,0.6363914993713414,True,1829
643,True,1.0195776782123678,True,1831
644,False,-1.342182783301195,False,1830
645,True,2.078761585689089,True,1832
646,True,1.0968107965239084,True,1834
647,True,0.44600230150911924,True,1836
648,True,1.4956365229755502,True,1838
649,True,0.5878908819206308,True,1840
650,True,2.8027976536135806,True,1842
651,True,1.650761398789276,True,1844
652,True,1.3150817429423083,True,1846
653,True,0.1835350129958359,True,1848
654,False,-0.4974687190922107,False,1847
655,True,0.684298097307158,True,1849
656,True,0.13098105365690232,True,1851
657,True,1.3169107145113466,True,1853
658,True,0.673118307113258,True,1855
659,True,1.414529324928343,True,1857
660,True,2.487536989039035,True,1859
661,True,0.48856615655677293,True,1861
662,True,0.7108401331321261,True,1863
663,True,1.8594353927297214,True,1865
664,True,0.27402436510743217,True,1867
665,True,1.6023646522139536,True,1869
666,True,2.4589740955445287,True,1871
667,True,3.1391115222087045,True,1873
668,False,-0.9591364863503723,False,1872
669,True,0.8129178362417526,True,1874
670,True,3.0450608027755144,True,1876
671,True,1.3887331523611772,True,1878
672,True,0.13749276344621034,True,1880
673,True,1.8111249599825066,True,1882
674,False,-0.6131603670011472,False,1881
675,True,3.0889393996316032,True,1883
676,True,3.315917613665572,True,1885
677,False,-0.4980161234264469,False,1884
678,True,3.9530205652581247,True,1886
679,False,-1.5582127433525517,False,1885
680,False,-0.2651641882694708,False,1882
681,True,0.4835729609744545,True,1884
682,True,0.141260155281826,True,1886
683,True,0.4126218731249712,True,1888
684,True,2.019499942598017,True,1890
685,True,1.7263208946335342,True,1892
686,True,0.7663468777554374,True,1894
687,True,0.09916036315929108,True,1896
688,True,2.4893802355777748,True,1898
689,True,1.129131079435796,True,1900
690,True,2.1976082558750676,True,1902
691,True,1.7337142429784929,True,1904
692,False,-0.2771129857524999,False,1903
693,True,1.0347965925937828,True,1905
694,False,-0.17978584703408398,False,1904
695,False,-0.892393643744736,False,1901
696,True,0.4884990319442015,True,1903
697,True,0.2819744344700371,True,1905
698,True,0.8007498537952026,True,1907
699,True,3.278911158309608,True,1909
700,True,2.3397227658699395,True,1911
701,True,1.1192029975170754,True,1913
702,True,4.223197391893917,True,1915
703,True,0.468748079205761,True,1917
704,True,1.3331748993665875,True,1919
705,True,0.1804599630774928,True,1921
706,True,0.6398498672513303,True,1923
707,True,2.2148253771281934,True,1925
708,True,2.063694429991534,True,1927
709,False,-0.36401571696758805,False,1926
710,True,1.7053317711855431,True,1928
711,True,0.6032040363640725,True,1930
712,True,3.1872358570629347,True,1932
713,True,1.3867798701770606,True,1934
714,True,3.1411873954682332,True,1936
715,True,1.7348932434718667,True,1938
716,True,0.5245197280526191,True,1940
717,True,1.223912618145678,True,1942
718,True,0.8049303377255135,True,1944
719,True,0.08990128954403577,True,1946
720,True,0.8162671009370707,True,1948
721,False,-0.6570626151925547,False,1947
722,False,-1.1115963653381424,False,1944
723,True,0.935957663744603,True,1946
724,True,1.1353029430124337,True,1948
725,True,1.2588921435865768,True,1950
726,True,2.33320900383654,True,1952
727,True,1.923961861429296,True,1954
728,True,0.5879504197943524,True,1956
729,True,1.1324579276165825,True,1958
730,True,0.7578561439693356,True,1960
731,True,2.311284384529241,True,1962
732,True,0.29952551273951655,True,1964
733,False,-0.662580002691081,False,1963
734,True,1.9978016621611745,True,1965
735,True,0.6592569530329487,True,1967
736,True,0.7893370585991173,True,1969
737,True,0.5835793307817,True,1971
738,True,0.3542461530696281,True,1973
739,False,-0.16077284793880425,False,1972
740,True,1.6112125752051913,True,1974
741,True,0.26665792078063777,True,1976
742,True,2.3385867207947464,True,1978
743,True,1.5123062632607345,True,1980
744,False,-0.34546231532811367,False,1979
745,False,-0.17022982245796373,False,1976
746,False,-1.6192205674744617,True,1974
747,True,1.268500588051248,True,1976
748,True,3.2359353481647073,True,1978
749,True,2.322667900950874,True,1980
750,False,-0.9482013637271074,False,1979
751,True,1.325659413947398,True,1981
752,True,2.8264189186795683,True,1983
753,True,1.132502410960614,True,1985
754,False,-0.190193520124296,False,1984
755,True,1.0083384113263167,True,1986
756,True,0.19232935552320468,True,1988
757,True,1.1909932606084197,True,1990
758,True,0.9126780346211256,True,1992
759,False,-1.4634877766317773,False,1991
760,True,1.7381518838201002,True,1993
761,False,-1.4866105369703175,False,1992
762,True,1.338029194195033,True,1994
763,True,1.3632238100968168,True,1996
764,True,0.8741435022715035,True,1998
765,False,-0.08479380316097518,False,1997
766,True,1.216021174300877,True,1999
767,True,2.1039838604968546,True,2001
768,True,0.3793372649407945,True,2003
769,True,1.0354935003758017,True,2005
770,True,0.7232900585497747,True,2007
771,True,0.2987026422312093,True,2009
772,True,2.0292854888137746,True,2011
773,True,1.3985550716398472,True,2013
774,True,1.708047180875359,True,2015
775,True,2.7754702645827978,True,2017
776,True,2.302779563652435,True,2019
777,True,1.9088494598397074,True,2021
778,True,1.0597387594848082,True,2023
779,True,3.825771994807662,True,2025
780,True,1.3514474370619773,True,2027
781,True,1.3668709975775708,True,2029
782,False,-0.6894219307844652,False,2028
783,False,-0.9318342852935807,False,2025
784,False,-0.05848636736152665,True,2023
785,True,0.4770117749800777,True,2025
786,True,1.286702328112595,True,2027
787,True,2.8502577663401807,True,2029
788,False,-1.908640299863114,False,2028
789,True,0.24260380203214782,True,2030
790,False,-0.6265503621409532,False,2029
791,True,0.7685140984764385,True,2031
792,False,-1.5732678569380925,False,2030
793,True,2.3003973695212934,True,2032
794,True,0.6959892528887417,True,2034
795,True,1.6896713418358098,True,2036
796,True,0.3198729077786796,True,2038
797,False,-0.19432592066754306,False,2037
798,True,1.3362753763271846,True,2039
799,True,0.46638831667833436,True,2041
800,True,1.9979542858771437,True,2043
801,True,1.621622007191675,True,2045
802,True,1.715336452734243,True,2047
803,True,1.547023785838069,True,2049
804,False,-0.08487935257155926,False,2048
805,True,1.2759584871632081,True,2050
806,True,0.5180428425941117,True,2052
807,True,1.3172167094731226,True,2054
808,True,2.358343801989434,True,2056
809,True,2.0529762844270394,True,2058
810,True,0.9736582850001096,True,2060
811,True,0.8158998727730552,True,2062
812,True,1.093985356514909,True,2064
813,False,-0.7522323345087718,False,2063
814,True,1.3918334519472642,True,2065
815,True,1.3642347039560547,True,2067
816,False,-0.6170251037033173,False,2066
817,True,0.2630109638598358,True,2068
818,False,-1.7442271042472854,False,2067
819,True,0.9781364685415986,True,2069
820,True,1.1786276090101802,True,2071
821,True,2.2853571912684143,True,2073
822,True,0.364184699547645,True,2075
823,True,3.2289675715956356,True,2077
824,False,-0.5404539830226712,False,2076
825,True,0.11746189348039147,True,2078
826,True,0.4802191380126869,True,2080
827,False,-2.240629172994655,False,2079
828,True,0.33305525479123954,True,2081
829,True,1.3897168274601115,True,2083
830,True,0.748555710972399,True,2085
831,False,-0.8553103831435944,False,2084
832,False,-1.0249645657716773,False,2081
833,False,-0.47084794568715116,True,2079
834,True,0.2312076803209831,True,2081
835,False,-0.19252756945220112,False,2080
836,False,-0.2136195958714741,False,2077
837,False,-0.2638033670361547,True,2075
838,True,0.898449397084252,True,2077
839,True,0.8278441572936853,True,2079
840,False,-0.39038865221605795,False,2078
841,True,1.5526775773265853,True,2080
842,True,1.2994755055521767,True,2082
843,True,0.7256215676653515,True,2084
844,True,0.5827192850610231,True,2086
845,False,-0.2719771307978335,False,2085
846,True,1.403039610297945,True,2087
847,True,3.557668454893882,True,2089
848,True,2.32933449288316,True,2091
849,True,2.9268661067422292,True,2093
850,True,0.16614816576379976,True,2095
851,False,-0.5098404166389165,False,2094
852,False,-0.7250389453969164,False,2091
853,True,1.648821449903401,True,2093
854,True,0.903319352773311,True,2095
855,False,-0.8293135851079529,False,2094
856,True,2.122148326503498,True,2096
857,False,-0.15916377473091375,False,2095
858,True,2.2668369586123718,True,2097
859,True,0.06319760745733391,True,2099
860,True,1.0206912117110738,True,2101
861,False,-0.5140931024112267,False,2100
862,True,1.6294607785590591,True,2102
863,False,0.014415054329941047,True,2100
864,True,0.12997497776421066,True,2102
865,True,2.2262221022186255,True,2104
866,True,1.5706396431907796,True,2106
867,True,0.9145194316634137,True,2108
868,True,0.3463753041591432,True,2110
869,True,1.068007342172042,True,2112
870,True,1.3258698056216411,True,2114
871,False,-0.5916519742725218,False,2113
872,True,0.4161296320371084,True,2115
873,True,1.144415483319203,True,2117
874,True,0.19919169473925183,True,2119
875,True,0.7731110795463636,True,2121
876,True,1.5574526517917406,True,2123
877,True,2.2916698166560634,True,2125
878,True,1.0389385517860337,True,2127
879,True,2.8363463855989504,True,2129
880,False,-0.10869451193130154,False,2128
881,True,2.314034376133475,True,2130
882,True,0.9647222680557666,True,2132
883,True,0.03353904194312281,True,2134
884,True,0.493230698316955,True,2136
885,False,-0.12086245953981556,False,2135
886,True,0.9152787067833185,True,2137
887,True,0.5875709196137309,True,2139
888,True,0.9505371188719983,True,2141
889,True,3.0093583143484195,True,2143
890,True,2.9057140635363563,True,2145
891,True,1.696302288735725,True,2147
892,True,2.1288996483278546,True,2149
893,True,0.44948113972511217,True,2151
894,True,2.263530923897774,True,2153
895,False,-0.07309819932495097,False,2152
896,True,0.7926210765907228,True,2154
897,True,2.983001796427605,True,2156
898,True,0.146483374208486,True,2158
899,True,0.8108509073916066,True,2160
900,True,1.2082657795194143,True,2162
901,True,0.8328839452967062,True,2164
902,True,1.2930138386967174,True,2166
903,True,0.9092223375249717,True,2168
904,True,1.4258151994625854,True,2170
905,False,-0.7521720113865962,False,2169
906,False,-0.5767963333754702,False,2166
907,False,-1.42543618380518,True,2164
908,True,3.1963379044901834,True,2166
909,True,2.2175122386107735,True,2168
910,True,2.0371357004837716,True,2170
911,True,0.3347756926512163,True,2172
912,True,0.4672643194045042,True,2174
913,True,1.2451463429714311,True,2176
914,True,0.49465669255183997,True,2178
915,True,1.3593428283575617,True,2180
916,True,1.254673908073722,True,2182
917,True,1.2708239213907428,True,2184
918,True,0.7463276989489951,True,2186
919,True,1.6032857783035692,True,2188
920,True,3.7989070929239044,True,2190
921,False,-0.7219424159644927,False,2189
922,True,1.7388806925184956,True,2191
923,False,-0.9342557290321343,False,2190
924,True,2.49523360597505,True,2192
925,True,1.9588096668231065,True,2194
926,True,0.31247233988309475,True,2196
927,True,0.35762048109505007,True,2198
928,True,0.8420430106295541,True,2200
929,True,0.8155176573667361,True,2202
930,True,1.3151160400446418,True,2204
931,True,1.7942942575843248,True,2206
932,False,-0.8468863250710221,False,2205
933,False,-0.401307017564824,False,2202
934,True,0.6779187910664183,True,2204
935,False,-0.5273972044583727,False,2203
936,True,0.9225140073404717,True,2205
937,True,1.0142513933170232,True,2207
938,True,2.4253370356503647,True,2209
939,False,-0.9077926564300367,False,2208
940,True,1.1116900839874193,True,2210
941,True,0.10841827648260112,True,2212
942,True,2.6668082094012386,True,2214
943,True,2.280018761401432,True,2216
944,False,-0.5216793784206574,False,2215
945,False,-0.058116276359926625,False,2212
946,True,0.05119987020662708,True,2214
947,True,2.3396728485329623,True,2216
948,False,-1.0833472340552546,False,2215
949,True,1.4913613604934735,True,2217
950,False,-1.267005342823007,False,2216
951,False,-1.033761858070659,False,2213
952,True,1.189870180688426,True,2215
953,True,0.12823951257453525,True,2217
954,False,-0.1937208857859125,False,2216
955,True,1.7958120879995212,True,2218
956,True,2.3968483058806456,True,2220
957,True,-0.03551883537216613,False,2219
958,True,1.7723334829958046,True,2221
959,True,2.3387294302316306,True,2223
960,True,0.228405806129739,True,2225
961,True,2.8458911548490384,True,2227
962,True,1.2724669717147417,True,2229
963,True,1.299624490130754,True,2231
964,True,0.21664202684593978,True,2233
965,True,0.28342338009612644,True,2235
966,False,-0.21441111415719288,False,2234
967,True,1.920227587769876,True,2236
968,False,-1.3279880881723856,False,2235
969,True,1.3354519064515564,True,2237
970,True,2.3188114159916955,True,2239
971,True,0.7180028973853252,True,2241
972,False,-0.40983062721455765,False,2240
973,True,2.5167949347141683,True,2242
974,True,0.9508727964026813,True,2244
975,True,0.09288612774814897,True,2246
976,True,0.8106738978722487,True,2248
977,True,0.5173838824391147,True,2250
978,True,2.051786360912901,True,2252
979,True,0.6602890694531087,True,2254
980,True,1.2597003924425139,True,2256
981,False,-0.706900173940012,False,2255
982,True,1.1756356271984656,True,2257
983,False,-0.04390744965687966,False,2256
984,True,0.821071873602111,True,2258
985,True,2.0529656860130476,True,2260
986,False,-1.504324524377925,False,2259
987,True,0.12592335576500424,True,2261
988,True,1.7389486538495467,True,2263
989,False,-0.13721214674712767,False,2262
990,True,1.700063740375661,True,2264
991,False,-0.3805097771641055,False,2263
992,True,0.37205466143272553,True,2265
993,True,2.164713590731622,True,2267
994,True,0.5381642905020676,True,2269
995,True,0.4888465631826824,True,2271
996,True,2.0895983970477987,True,2273
997,False,-0.7733633486239962,False,2272
998,True,1.1943897812980424,True,2274
999,True,2.1306137300420436,True,2276
1000,True,0.7168357669486513,True,2278
1001,True,1.3857768378308242,True,2280
1002,True,1.5469264153142588,True,2282
1003,False,-0.6345125971882806,False,2281
1004,True,0.191456893988868,True,2283
1005,True,2.438406424262086,True,2285
1006,False,-1.1543047101566155,False,2284
1007,True,1.2680269371619095,True,2286
1008,True,2.290826709017817,True,2288
1009,True,1.293003319410127,True,2290
1010,True,0.9310919777053125,True,2292
1011,True,1.0951716939887668,True,2294
1012,False,0.005146103538053441,True,2292
1013,True,1.2051880055389343,True,2294
1014,True,0.9446547847076825,True,2296
1015,True,1.4892285031186834,True,2298
1016,True,1.8369871989567248,True,2300
1017,True,0.24397017844279734,True,2302
1018,True,0.3389194515782318,True,2304
1019,False,-0.01406744213551136,False,2303
1020,True,1.982507515667101,True,2305
1021,True,1.1748254037809023,True,2307
1022,False,-1.9866924320678665,False,2306
1023,True,0.3617681225140357,True,2308
1024,True,0.10687705371274848,True,2310
1025,True,1.4424925142452292,True,2312
1026,True,1.013165736295629,True,2314
1027,True,0.37401156578916367,True,2316
1028,True,0.8125942904028048,True,2318
1029,True,1.6214119081151361,True,2320
1030,False,-1.908696658924528,False,2319
1031,False,-0.035029819812801344,True,2317
1032,False,-0.7606802915289373,False,2316
1033,True,0.13402565582158565,True,2318
1034,True,1.0445211811893427,True,2320
1035,True,2.048361071362315,True,2322
1036,True,1.6976892023578587,True,2324
1037,True,1.5202352284007459,True,2326
1038,True,1.5283674890723988,True,2328
1039,True,0.07562010004239608,True,2330
1040,True,1.6812741246145861,True,2332
1041,False,-1.1030297092172214,False,2331
1042,False,-0.10816748475483196,False,2328
1043,True,1.2462428910636059,True,2330
1044,True,0.13069592000559627,True,2332
1045,True,2.7252953456444904,True,2334
1046,True,3.180843956953257,True,2336
1047,False,-0.9089935078733098,False,2335
1048,True,2.117957649749087,True,2337
1049,True,2.888875003892166,True,2339
1050,True,0.9085310634302275,True,2341
1051,True,2.4011348285553407,True,2343
1052,True,1.1957272092118143,True,2345
1053,True,1.637008493330113,True,2347
1054,True,0.7327182045529563,True,2349
1055,True,0.15549383152234422,True,2351
1056,True,0.45257580297353817,True,2353
1057,True,1.6310220187951976,True,2355
1058,True,1.71013760308938,True,2357
1059,True,3.1208387552438484,True,2359
1060,True,0.7644109517164618,True,2361
1061,True,1.0284622850709064,True,2363
1062,False,-1.4863595833177607,False,2362
1063,False,-0.43033245152397975,False,2359
1064,True,1.0908871206397166,True,2361
1065,True,1.6733034747070532,True,2363
1066,False,-0.13814550811618861,False,2362
1067,False,-0.1796786205182372,False,2359
1068,False,-0.1909497981580899,True,2357
1069,True,2.2079222089430344,True,2359
1070,False,-0.6063308124466725,False,2358
1071,True,2.688202860342403,True,2360
1072,True,1.0155189886488658,True,2362
1073,True,0.7074200605777209,True,2364
1074,True,1.3004426600538188,True,2366
1075,True,2.9475823088872475,True,2368
1076,True,1.6435417404348704,True,2370
1077,False,-0.34112903605608147,False,2369
1078,True,1.626720199884208,True,2371
1079,True,4.408494662322374,True,2373
1080,True,2.9166391627401174,True,2375
1081,True,1.7085948683618422,True,2377
1082,True,0.41616888047978373,True,2379
1083,True,0.14529322103959635,True,2381
1084,True,1.0481116638979577,True,2383
1085,True,1.166636904284423,True,2385
1086,True,1.4228989715109905,True,2387
1087,True,1.4187385704804523,True,2389
1088,True,2.8697057323331876,True,2391
1089,True,1.467758447923281,True,2393
1090,True,2.859997820405917,True,2395
1091,False,-1.4623656120997501,False,2394
1092,False,-0.9964772842254896,False,2391
1093,True,2.9652734323051466,True,2393
1094,True,1.7052071994626268,True,2395
1095,True,2.4538505180138053,True,2397
1096,True,1.9285931514471726,True,2399
1097,False,-0.11484458429272695,False,2398
1098,True,2.1476246876913883,True,2400
1099,True,2.3812301562236002,True,2402
1100,True,0.6018649264297694,True,2404
1101,False,0.07385695668856766,True,2402
1102,True,1.2336669998020944,True,2404
1103,True,2.131525660033289,True,2406
1104,True,0.5146942028536345,True,2408
1105,True,1.5892186274563767,True,2410
1106,True,2.1233363006254673,True,2412
1107,True,0.2627958570950552,True,2414
1108,True,1.035016655483101,True,2416
1109,False,-0.15937347298737797,False,2415
1110,True,0.5196278819414809,True,2417
1111,True,0.7276169177062676,True,2419
1112,True,0.8489423113491446,True,2421
1113,True,1.2077359022964358,True,2423
1114,True,1.8006682360345234,True,2425
1115,True,1.0113696804196268,True,2427
1116,False,-0.07038704604889202,False,2426
1117,True,2.209517912138446,True,2428
1118,True,1.0948599554020988,True,2430
1119,True,1.699754976719197,True,2432
1120,True,2.1261821331905386,True,2434
1121,True,0.6726573855147527,True,2436
1122,True,1.8053433572167592,True,2438
1123,False,-0.21732720244393217,False,2437
1124,False,-0.3617666662012516,False,2434
1125,False,-1.7111902741296834,True,2432
1126,False,-0.5149624308820695,False,2431
1127,True,3.2662101248814324,True,2433
1128,True,2.673916823718162,True,2435
1129,True,1.7400762935382583,True,2437
1130,True,0.31331577817741896,True,2439
1131,False,-1.116687160716005,False,2438
1132,True,2.1366227715685193,True,2440
1133,True,0.6438484871196527,True,2442
1134,False,-0.1912658625709123,False,2441
1135,True,1.15732901853986,True,2443
1136,True,3.4724051464598706,True,2445
1137,True,1.2689707853402723,True,2447
1138,True,2.3448938533600883,True,2449
1139,True,2.399142488884615,True,2451
1140,True,1.0060662446249489,True,2453
1141,True,2.8810331248233516,True,2455
1142,False,-0.22742177928451315,False,2454
1143,False,-2.0662912989190447,False,2451
1144,False,-1.1667470637216446,True,2449
1145,True,1.484389571658009,True,2451
1146,True,1.0554576883138638,True,2453
1147,True,0.2633667975132315,True,2455
1148,True,1.863801490384876,True,2457
1149,False,-0.5110614252744032,False,2456
1150,True,0.10139135706059568,True,2458
1151,True,1.4889776603883589,True,2460
1152,True,1.059916889551857,True,2462
1153,True,0.09405981906508959,True,2464
1154,True,2.693808621537503,True,2466
1155,False,-0.3225590033166531,False,2465
1156,True,1.1657713662963776,True,2467
1157,True,1.0201232436027856,True,2469
1158,True,0.0017362199358040287,True,2471
1159,False,-0.14636699049243782,False,2470
1160,True,1.157459892185432,True,2472
1161,True,1.1078588483993455,True,2474
1162,True,0.2920236532890197,True,2476
1163,True,1.1545446394441747,True,2478
1164,True,0.1992077905979402,True,2480
1165,False,-1.4496409684148546,False,2479
1166,False,-1.2221701695769294,False,2476
1167,True,0.5355553777307847,True,2478
1168,True,0.5647295203094964,True,2480
1169,False,-0.21635366650630333,False,2479
1170,False,-1.4742423601874,False,2476
1171,False,-1.0360761855418412,True,2474
1172,False,-0.3980679167252519,False,2473
1173,True,3.039764318777421,True,2475
1174,True,0.5171394049474866,True,2477
1175,True,1.5023083614938182,True,2479
1176,True,2.840360443862737,True,2481
1177,True,1.2569393856523843,True,2483
1178,False,-0.17414620945262507,False,2482
1179,True,2.134654015226442,True,2484
1180,True,1.5572547845814846,True,2486
1181,True,0.7615291075004491,True,2488
1182,True,0.28795493141348805,True,2490
1183,True,0.06793460220545722,True,2492
1184,True,3.1350901990639364,True,2494
1185,True,2.517947634146087,True,2496
1186,False,-0.7944399783865511,False,2495
1187,True,1.9042938729140546,True,2497
1188,True,0.16389510195915752,True,2499
1189,True,0.48217214131206515,True,2501
1190,False,-1.0625610426574141,False,2500
1191,False,-1.4765368767551503,False,2497
1192,True,1.6424582040333133,True,2499
1193,True,2.4681082050023404,True,2501
1194,False,-0.12438340790052793,False,2500
1195,False,-1.825948900208736,False,2497
1196,True,1.7197937082140926,True,2499
1197,False,-0.2556310536982275,False,2498
1198,False,-0.03166317102681764,True,2496
1199,False,-0.1540164611587064,False,2495
1200,True,0.5881097755400396,True,2497
1201,True,0.45975079822476184,True,2499
1202,False,-1.65186707878018,False,2498
1203,True,0.13606797248377356,True,2500
1204,True,3.2660437477934563,True,2502
1205,True,0.35187199439020916,True,2504
1206,False,-1.4788311760281667,False,2503
1207,True,0.5240345019073078,True,2505
1208,True,0.49302255539468975,True,2507
1209,False,-0.1294316942732397,False,2506
1210,True,0.2903953177942296,True,2508
1211,True,2.0058368229417307,True,2510
1212,True,0.8916390626552527,True,2512
1213,True,2.1227434728237564,True,2514
1214,True,0.5073283245716779,True,2516
1215,False,-1.9759543071364822,False,2515
1216,True,1.8897856994122082,True,2517
1217,False,-0.5337578615891923,False,2516
1218,True,0.029799758058050154,True,2518
1219,True,3.712003055076917,True,2520
1220,False,-0.42735503805942715,False,2519
1221,True,4.049071156840894,True,2521
1222,True,3.046938422011084,True,2523
1223,True,1.456997909735882,True,2525
1224,False,-1.3944152062651447,False,2524
1225,False,-0.8194187669217818,False,2521
1226,True,2.0868311447874803,True,2523
1227,True,2.562498953269869,True,2525
1228,True,0.2641129015869386,True,2527
1229,True,1.920569379403103,True,2529
1230,True,1.0758212169760382,True,2531
1231,True,0.7874615516914992,True,2533
1232,True,0.16158706508519147,True,2535
1233,True,0.7031112088863845,True,2537
1234,True,2.778011790832739,True,2539
1235,True,1.0789240045826236,True,2541
1236,True,1.53240206164951,True,2543
1237,True,1.857046597729495,True,2545
1238,True,1.477862694218815,True,2547
1239,True,0.9889257374218043,True,2549
1240,True,0.7358897332298681,True,2551
1241,False,-0.16677177707179316,False,2550
1242,True,0.8755597690442855,True,2552
1243,True,1.3469617682606385,True,2554
1244,True,0.18030012132326248,True,2556
1245,True,2.288750688445854,True,2558
1246,True,2.9050686842079863,True,2560
1247,False,-1.2140951423580244,False,2559
1248,True,1.405970706059297,True,2561
1249,True,2.9484685672053463,True,2563
1250,False,-0.4727523653407023,False,2562
1251,True,0.2847199643270812,True,2564
1252,True,1.4800557765178743,True,2566
1253,True,0.4128869069842918,True,2568
1254,True,0.029527014501554396,True,2570
1255,True,1.2852354542200686,True,2572
1256,True,2.0610822265464006,True,2574
1257,True,1.6176987847491304,True,2576
1258,True,0.9303824155531061,True,2578
1259,True,0.7723031961531097,True,2580
1260,True,0.7492992284141758,True,2582
1261,True,1.6084958446120026,True,2584
1262,False,-0.5403828257051674,False,2583
1263,False,-0.3285479533503186,False,2580
1264,True,1.1590217936957035,True,2582
1265,False,-0.8244314027318548,False,2581
1266,True,0.6963185369325025,True,2583
1267,False,-1.3229808352571726,False,2582
1268,True,1.3800816205483548,True,2584
1269,True,0.722125685225856,True,2586
1270,True,1.3252051653745625,True,2588
1271,True,1.6075437156823638,True,2590
1272,True,1.441696726003078,True,2592
1273,True,2.310924807838376,True,2594
1274,True,1.1494834435520553,True,2596
1275,True,2.130311147886499,True,2598
1276,True,2.130248550771098,True,2600
1277,True,0.8955456875260871,True,2602
1278,True,2.6853253845990306,True,2604
1279,True,0.14046432533627803,True,2606
1280,True,2.4481249024758873,True,2608
1281,True,2.794745506572352,True,2610
1282,False,-1.6457304848293857,False,2609
1283,True,1.01592586400032,True,2611
1284,True,3.059228591960111,True,2613
1285,False,-0.8527713886886436,False,2612
1286,True,2.625765949836415,True,2614
1287,True,1.1117807110963391,True,2616
1288,True,1.23960899625413,True,2618
1289,True,0.5149076458741862,True,2620
1290,True,0.9532776609939038,True,2622
1291,True,1.6909905542577597,True,2624
1292,False,-0.5126146541478956,False,2623
1293,True,0.8152250994741314,True,2625
1294,True,2.1434346201117176,True,2627
1295,True,2.019969794629423,True,2629
1296,True,3.2720650388535173,True,2631
1297,True,1.5417924580944298,True,2633
1298,True,-0.01515048848415379,False,2632
1299,True,0.5075150039014941,True,2634
1300,True,2.1679950913167114,True,2636
1301,True,0.7543276744547626,True,2638
1302,True,1.3999806131941575,True,2640
1303,False,-0.7744461999500343,False,2639
1304,True,0.3840546334030056,True,2641
1305,True,1.1977838871396256,True,2643
1306,True,1.571290727804834,True,2645
1307,True,1.638824652177186,True,2647
1308,True,0.6220166577630525,True,2649
1309,True,1.9491609718671896,True,2651
1310,False,-1.4387290734310307,False,2650
1311,True,2.3677722719436742,True,2652
1312,True,3.6788559472642355,True,2654
1313,False,-1.1789959050943273,False,2653
1314,True,1.5889524452483148,True,2655
1315,False,-0.40362134805142624,False,2654
1316,True,0.7450383101121663,True,2656
1317,True,1.01004399287001,True,2658
1318,False,-0.17016984577871597,False,2657
1319,True,0.1912430742815374,True,2659
1320,True,1.228658070607951,True,2661
1321,False,-0.35713767439829036,False,2660
1322,True,1.6403954894005812,True,2662
1323,True,2.665563721061731,True,2664
1324,True,0.46927431395589103,True,2666
1325,True,1.5279295732535192,True,2668
1326,True,1.5426251698173068,True,2670
1327,True,1.0514053038481512,True,2672
1328,False,-1.079206299615056,False,2671
1329,True,2.056644069058867,True,2673
1330,True,1.5333090441788826,True,2675
1331,True,2.4641113919178634,True,2677
1332,True,1.0810293978663075,True,2679
1333,True,0.4989401450652059,True,2681
1334,True,0.9758847960758344,True,2683
1335,True,1.5686631591598157,True,2685
1336,False,-0.6883327149385063,False,2684
1337,True,2.9617497384493796,True,2686
1338,False,-1.6049939210593878,False,2685
1339,False,-0.018606155339123298,True,2683
1340,False,-0.17899420578723804,False,2682
1341,True,0.5818081224989821,True,2684
1342,True,2.187496020368486,True,2686
1343,False,-0.38288645705109364,False,2685
1344,True,1.2060166013328677,True,2687
1345,True,2.5624748958870116,True,2689
1346,True,1.7141072355523397,True,2691
1347,False,-1.2369371764275416,False,2690
1348,True,2.0632815270255076,True,2692
1349,False,-0.3087680724799402,False,2691
1350,True,0.8656840058053181,True,2693
1351,True,0.06632311208487789,True,2695
1352,True,2.4474642600143794,True,2697
1353,True,2.7657661175986585,True,2699
1354,False,-0.30366387113723714,False,2698
1355,True,3.3783412732738785,True,2700
1356,True,2.673074450726018,True,2702
1357,True,2.3921602288355537,True,2704
1358,True,0.1401921987156063,True,2706
1359,True,1.2683008523088821,True,2708
1360,True,1.8482280570811,True,2710
1361,True,0.2245625541011459,True,2712
1362,True,0.6333444479364326,True,2714
1363,False,-0.03655384697691402,False,2713
1364,False,-0.08861067785999541,False,2710
1365,True,1.1158954967485712,True,2712
1366,False,-0.17603221980227485,False,2711
1367,False,-1.479757379559416,False,2708
1368,True,0.396217802259358,True,2710
1369,False,-0.15691597207942362,False,2709
1370,True,1.858958660507038,True,2711
1371,False,-2.2953450889294738,False,2710
1372,False,-0.9844065380695896,False,2707
1373,True,1.54598275356849,True,2709
1374,True,1.1897104480139769,True,2711
1375,False,-0.09116856021287828,False,2710
1376,True,0.8270679372213647,True,2712
1377,True,1.1699455757996153,True,2714
1378,False,-1.1193640157826321,False,2713
1379,False,-0.47005438137033434,False,2710
1380,False,0.022986736415920958,True,2708
1381,True,2.52047007274255,True,2710
1382,True,2.1463381637700736,True,2712
1383,True,1.1350090872610457,True,2714
1384,True,0.7655031475660284,True,2716
1385,False,-0.6843691591446686,False,2715
1386,True,1.5414646176176918,True,2717
1387,False,-0.7027819779649751,False,2716
1388,True,1.9372786866530278,True,2718
1389,True,2.4391413722796766,True,2720
1390,False,-0.8628376700035064,False,2719
1391,True,0.6446377746240938,True,2721
1392,True,1.1462502651240332,True,2723
1393,False,-0.6897365454602978,False,2722
1394,False,-0.4629399403737221,False,2719
1395,True,2.3373966710288303,True,2721
1396,True,2.6015808700193737,True,2723
1397,True,1.4743974922754117,True,2725
1398,False,-0.1867776128553381,False,2724
1399,False,-0.546901637565697,False,2721
1400,True,2.9824312890435225,True,2723
1401,True,2.267241741366103,True,2725
1402,True,0.6132464719800115,True,2727
1403,True,1.4051030770203004,True,2729
1404,True,1.4033153192795542,True,2731
1405,True,1.228673544517368,True,2733
1406,True,2.5010835741719473,True,2735
1407,True,1.932752085976432,True,2737
1408,True,-0.029834232305558213,False,2736
1409,True,1.1836230020475265,True,2738
1410,False,-1.9582435032321763,False,2737
1411,True,1.715810134342154,True,2739
1412,True,2.300663423768242,True,2741
1413,True,1.8070273030591137,True,2743
1414,True,2.9833195339293717,True,2745
1415,True,0.2679958597155442,True,2747
1416,True,1.1666634453904856,True,2749
1417,True,0.5802049769111877,True,2751
1418,True,0.3556129021520779,True,2753
1419,True,0.7393204055181739,True,2755
1420,True,0.5293370211862187,True,2757
1421,True,2.4998693795546716,True,2759
1422,False,-1.0388409151379703,False,2758
1423,True,3.161018094106274,True,2760
1424,True,0.4627088239055721,True,2762
1425,True,0.417355877447118,True,2764
1426,True,3.3406900916785967,True,2766
1427,True,2.5423499878048976,True,2768
1428,True,0.055034174657377276,True,2770
1429,True,2.4954862035519834,True,2772
1430,True,1.7934216864965964,True,2774
1431,True,2.0972174754953956,True,2776
1432,True,0.10926115837293066,True,2778
1433,True,2.8207246165079223,True,2780
1434,True,1.9955174981326065,True,2782
1435,True,0.3094922718811774,True,2784
1436,True,1.4071978751126326,True,2786
1437,True,0.6973518560913126,True,2788
1438,True,1.1062982861011572,True,2790
1439,True,0.8616281085148226,True,2792
1440,True,0.5213075942864072,True,2794
1441,True,1.5577173299008298,True,2796
1442,True,0.5484621849096747,True,2798
1443,False,-0.15682050740870296,False,2797
1444,True,2.1221888484629154,True,2799
1445,True,2.0882173905389867,True,2801
1446,True,2.504736034417111,True,2803
1447,True,1.129661416519601,True,2805
1448,True,-0.001418913809425909,True,2807
1449,True,0.8106813978633198,True,2809
1450,True,2.0607949535190992,True,2811
1451,True,1.0467426984898318,True,2813
1452,False,-0.017431926341055323,False,2812
1453,True,2.130130552568659,True,2814
1454,True,1.3526776683997375,True,2816
1455,True,0.7979950648763626,True,2818
1456,True,1.039765738050768,True,2820
1457,False,-0.3480881596582651,False,2819
1458,True,2.030302332178175,True,2821
1459,True,2.230224577744912,True,2823
1460,True,1.6504203367739585,True,2825
1461,True,1.682201643027016,True,2827
1462,True,0.25155440631832293,True,2829
1463,False,-0.3118386802500972,False,2828
1464,True,1.4043093859234292,True,2830
1465,False,-0.17187913559599963,False,2829
1466,True,0.8308870303104015,True,2831
1467,False,-0.11870567150473485,False,2830
1468,False,-1.0486726965690958,False,2827
1469,False,-2.3439259533792196,True,2825
1470,True,1.3672883919217762,True,2827
1471,True,2.829304891367878,True,2829
1472,True,0.866868832530905,True,2831
1473,True,1.0258827696215735,True,2833
1474,True,0.3375672026156064,True,2835
1475,True,1.062394754368681,True,2837
1476,True,0.43873121349842464,True,2839
1477,True,1.7510833158584675,True,2841
1478,True,0.3003267720108944,True,2843
1479,True,0.27428115821083776,True,2845
1480,True,2.5597533116172597,True,2847
1481,True,1.287407831733324,True,2849
1482,True,2.799873946288665,True,2851
1483,True,3.0713770731135734,True,2853
1484,False,-1.2227917420094905,False,2852
1485,True,2.4901341923713916,True,2854
1486,True,0.21200234924763484,True,2856
1487,False,-2.049907457417481,False,2855
1488,True,0.5289840053483331,True,2857
1489,False,0.01478699538946715,True,2855
1490,True,2.288866238829257,True,2857
1491,True,0.691192015495864,True,2859
1492,True,0.6782545843769047,True,2861
1493,True,0.13378285405117882,True,2863
1494,False,-0.1274079648669002,False,2862
1495,True,0.8669899817270408,True,2864
1496,True,1.4345879281310607,True,2866
1497,True,0.8149989210761103,True,2868
1498,True,1.2869192240849432,True,2870
1499,True,0.4039090887027211,True,2872
1500,True,2.523055509180355,True,2874
1501,True,1.8663923097818778,True,2876
1502,True,0.028953312071463365,True,2878
1503,True,1.4098426613776145,True,2880
1504,True,2.3588442419508855,True,2882
1505,True,1.4384785249774112,True,2884
1506,True,2.876032685435628,True,2886
1507,True,2.254182783834396,True,2888
1508,True,0.1703000905544307,True,2890
1509,True,1.3195856777634287,True,2892
1510,True,1.1233548354272374,True,2894
1511,True,0.1464672235330592,True,2896
1512,False,-0.4101318636682077,False,2895
1513,True,3.6337284502879132,True,2897
1514,True,2.2637625326716244,True,2899
1515,True,0.6222910081500326,True,2901
1516,True,1.859275005871447,True,2903
1517,True,-0.06997721033511047,False,2902
1518,True,2.390415348627578,True,2904
1519,True,2.656842183423176,True,2906
1520,True,0.1330793501231584,True,2908
1521,True,2.2163510574626923,True,2910
1522,True,0.3820918936149732,True,2912
1523,True,0.8812834249302219,True,2914
1524,True,0.4332999183093672,True,2916
1525,True,1.157154711978784,True,2918
1526,True,1.4506010188174383,True,2920
1527,True,1.3243291947664986,True,2922
1528,True,1.2806251614048119,True,2924
1529,False,-0.621186393114993,False,2923
1530,True,1.5828939191870666,True,2925
1531,True,1.8093993295362616,True,2927
1532,True,1.2641946488705902,True,2929
1533,True,1.483985567569372,True,2931
1534,True,1.1941715365073984,True,2933
1535,False,-2.8135668463651027,False,2932
1536,True,0.3426043322053193,True,2934
1537,False,-2.0549649510281593,False,2933
1538,True,0.7506307841976987,True,2935
1539,True,0.7786683787931614,True,2937
1540,True,1.1658850939532452,True,2939
1541,True,2.1549782981794525,True,2941
1542,True,2.2182223600722417,True,2943
1543,True,1.94046773308119,True,2945
1544,False,-2.6670693437512027,False,2944
1545,True,2.856318560141914,True,2946
1546,True,2.0709490252829337,True,2948
1547,True,0.3416276275640956,True,2950
1548,True,1.7661084147304345,True,2952
1549,True,0.7498931557309796,True,2954
1550,True,0.27532565060844466,True,2956
1551,True,1.3545097675501445,True,2958
1552,False,-0.5741411663354475,False,2957
1553,True,1.5448509509275004,True,2959
1554,True,1.944052636077164,True,2961
1555,False,-1.0971658723772222,False,2960
1556,True,2.7751250730784003,True,2962
1557,False,-0.0788619350074614,False,2961
1558,True,1.640237150273646,True,2963
1559,True,0.36028431722336707,True,2965
1560,False,-0.6833421489462075,False,2964
1561,True,0.22602844747309228,True,2966
1562,False,-1.3677097965806773,False,2965
1563,True,0.8681842923656622,True,2967
1564,True,0.4214157738976639,True,2969
1565,True,1.771894290130545,True,2971
1566,True,1.5725949359941809,True,2973
1567,True,1.1459642036496254,True,2975
1568,True,1.9522275525820618,True,2977
1569,True,0.1483290968703187,True,2979
1570,False,-1.1652650829923155,False,2978
1571,True,2.9676334844991925,True,2980
1572,True,0.9339213158567143,True,2982
1573,True,1.0343510762106327,True,2984
1574,False,-0.36361892908790444,False,2983
1575,True,1.2233574788404353,True,2985
1576,True,1.4539629637505656,True,2987
1577,False,-0.4266079868402352,False,2986
1578,True,3.2158969648312867,True,2988
1579,False,-0.14014421676361308,False,2987
1580,False,-1.005943522753544,False,2984
1581,True,2.001147333522483,True,2986
1582,True,1.4699210053249923,True,2988
1583,True,0.5791295263712244,True,2990
1584,True,3.603040770504294,True,2992
1585,True,0.899564099125561,True,2994
1586,True,1.6364552425199912,True,2996
1587,True,0.06540759409211792,True,2998
1588,False,-0.1391432377448026,False,2997
1589,True,0.6811394422807959,True,2999
1590,True,1.3071768277418154,True,3001
1591,True,0.20509930566451293,True,3003
1592,True,2.3005768359554035,True,3005
1593,False,-0.13740731748648313,False,3004
1594,True,1.0465289263616657,True,3006
1595,True,0.3711671447116788,True,3008
1596,True,1.2002561504786136,True,3010
1597,False,-0.4566830711847607,False,3009
1598,False,-0.31896174657196824,False,3006
1599,True,1.6589267464500417,True,3008
1600,True,1.522392486193026,True,3010
1601,True,0.5831451407278168,True,3012
1602,True,0.561405704340358,True,3014
1603,True,2.68748078263737,True,3016
1604,True,0.6310814303882101,True,3018
1605,False,-0.20639839894829037,False,3017
1606,True,1.6321033877787416,True,3019
1607,True,1.3315187367389014,True,3021
1608,True,1.746797165821233,True,3023
1609,True,3.0260138463489517,True,3025
1610,True,2.084016143989343,True,3027
1611,True,2.4446135981036545,True,3029
1612,True,0.6363029554457309,True,3031
1613,False,-1.1350957084119788,False,3030
1614,True,0.1660221520514811,True,3032
1615,False,-0.2657897913961651,False,3031
1616,True,2.766985987882341,True,3033
1617,True,2.6519818373268773,True,3035
1618,True,1.1629680768225608,True,3037
1619,True,2.1491884376302606,True,3039
1620,False,-0.29939561694369776,False,3038
1621,True,0.9993565114710138,True,3040
1622,True,0.43546635701050057,True,3042
1623,True,1.281228736337339,True,3044
1624,False,-0.5772973795862274,False,3043
1625,False,-0.044515261158591474,False,3040
1626,True,0.9106719385064591,True,3042
1627,True,0.7294478682287027,True,3044
1628,False,-1.0773706334896598,False,3043
1629,False,-0.5167065990575245,False,3040
1630,True,0.26261294258867734,True,3042
1631,False,-0.5124077781797179,False,3041
1632,True,1.685900114665949,True,3043
1633,False,-0.042359134389619205,False,3042
1634,False,-1.8543314620516078,False,3039
1635,True,1.1581527815593402,True,3041
1636,True,0.08116688002968273,True,3043
1637,False,-0.10304694373310949,False,3042
1638,True,1.3333316408092972,True,3044
1639,True,0.03280123181018649,True,3046
1640,True,1.600445787525737,True,3048
1641,True,0.9134607894001626,True,3050
1642,False,-0.7209281417868596,False,3049
1643,True,0.9481614084633507,True,3051
1644,True,2.553769648740795,True,3053
1645,True,3.399810785019943,True,3055
1646,False,-0.6393764093505628,False,3054
1647,True,0.770858434103386,True,3056
1648,False,-2.0476645712950523,False,3055
1649,True,1.5209939188916886,True,3057
1650,True,2.5112982579190435,True,3059
1651,True,0.6512377457321398,True,3061
1652,True,1.6323038065563935,True,3063
1653,True,0.9493555065854957,True,3065
1654,True,0.7923159943759406,True,3067
1655,False,-0.15427625761023867,False,3066
1656,True,0.44172120407811777,True,3068
1657,True,4.2754493716551245,True,3070
1658,True,1.116288796545969,True,3072
1659,True,0.5601212262213224,True,3074
1660,False,-1.7828918867656895,False,3073
1661,True,2.449956214447401,True,3075
1662,True,1.9711843134021068,True,3077
1663,True,1.565876868658525,True,3079
1664,False,-0.10278898176529008,False,3078
1665,False,-0.08354425105028135,False,3075
1666,True,1.4962778260694538,True,3077
1667,False,-0.11126621772475029,False,3076
1668,True,0.6816724052153029,True,3078
1669,True,0.5526755638671618,True,3080
1670,False,-0.7188800922553447,False,3079
1671,True,0.33602405029433036,True,3081
1672,True,1.8693840807210098,True,3083
1673,True,1.4892212047856146,True,3085
1674,False,-0.20289167529927654,False,3084
1675,True,2.8835945092767976,True,3086
1676,True,2.027554805940183,True,3088
1677,True,1.2287855481334033,True,3090
1678,True,0.4357070782287353,True,3092
1679,True,0.8332912296195382,True,3094
1680,False,-0.1018687261898131,False,3093
1681,True,0.3145952094841641,True,3095
1682,True,1.0283179428595928,True,3097
1683,False,-0.2886334912667044,False,3096
1684,False,-0.41797941771964564,False,3093
1685,True,2.396320732645362,True,3095
1686,True,2.175660888455924,True,3097
1687,False,-1.1244505550699815,False,3096
1688,True,2.3270092817560757,True,3098
1689,False,-1.4399929726514669,False,3097
1690,True,0.9127620325076425,True,3099
1691,False,-0.1630514280423627,False,3098
1692,True,0.20761211504463678,True,3100
1693,False,-0.47265941597214334,False,3099
1694,False,-1.1458002676853236,False,3096
1695,True,2.6135799442524585,True,3098
1696,False,-1.0116495979292797,False,3097
1697,True,1.4075690631557538,True,3099
1698,True,2.4463234659040944,True,3101
1699,False,-0.9303931643727344,False,3100
1700,False,-0.3197622692162862,False,3097
1701,True,2.5955432793518294,True,3099
1702,False,-2.0912986260354853,False,3098
1703,False,-0.3592046817791475,False,3095
1704,True,1.9694638206191888,True,3097
1705,True,1.8263963705809618,True,3099
1706,True,0.7687463861347041,True,3101
1707,False,-0.46931208661149837,False,3100
1708,True,0.3415594222658054,True,3102
1709,True,1.991596231496987,True,3104
1710,True,2.71214018742757,True,3106
1711,True,1.5783412368067686,True,3108
1712,True,0.6197046103177917,True,3110
1713,True,1.7876235129340254,True,3112
1714,True,1.5018859679322487,True,3114
1715,False,-0.8053179401456152,False,3113
1716,True,2.7183665211366406,True,3115
1717,True,3.924860649403867,True,3117
1718,False,-0.02445244700087755,False,3116
1719,False,-0.10035758948380655,False,3113
1720,True,3.207725379692406,True,3115
1721,False,-0.04878112987582874,False,3114
1722,True,0.4880806457374341,True,3116
1723,True,2.119999041894777,True,3118
1724,True,-0.034495899300154786,False,3117
1725,True,1.5082906864662118,True,3119
1726,True,1.6429574903215065,True,3121
1727,True,0.8381366205830453,True,3123
1728,False,-0.00702744882074725,False,3122
1729,True,1.3517297613841908,True,3124
1730,True,3.1104499437008615,True,3126
1731,True,0.07846944342409279,True,3128
1732,True,0.9701555122638913,True,3130
1733,True,0.20532348932324965,True,3132
1734,False,-0.0693013718170313,False,3131
1735,False,-1.8555199031792042,False,3128
1736,True,1.4257497569181923,True,3130
1737,True,1.7947502784367708,True,3132
1738,True,1.2212503275417406,True,3134
1739,True,2.9351472482494874,True,3136
1740,True,2.1955318688382723,True,3138
1741,False,-0.19700046942003108,False,3137
1742,False,-0.07418820404338931,False,3134
1743,False,-0.37240950411047824,True,3132
1744,True,1.2436109071510557,True,3134
1745,True,2.4324351635029964,True,3136
1746,True,1.9402939003599846,True,3138
1747,True,1.2985345972513176,True,3140
1748,True,1.064183417312677,True,3142
1749,True,1.737123580945606,True,3144
1750,False,-0.7139141634070437,False,3143
1751,True,2.210864475104655,True,3145
1752,True,0.7080962631911276,True,3147
1753,True,2.58224123248528,True,3149
1754,True,1.2659654591651297,True,3151
1755,True,0.2783493137767832,True,3153
1756,True,1.645414489933808,True,3155
1757,True,1.243475258828619,True,3157
1758,True,0.7357220818794493,True,3159
1759,False,-0.5053516602034028,False,3158
1760,True,2.3051671606322337,True,3160
1761,True,2.4144078807476954,True,3162
1762,True,1.0817109922601609,True,3164
1763,True,1.8501085694910373,True,3166
1764,True,4.106662879537166,True,3168
1765,True,0.11281458769167177,True,3170
1766,False,-0.2181788617167921,False,3169
1767,True,0.6520810163455943,True,3171
1768,True,0.8659907457774011,True,3173
1769,False,-0.5518826848754582,False,3172
1770,False,-0.3526241631417462,False,3169
1771,True,1.7669587637780138,True,3171
1772,True,2.168100573564749,True,3173
1773,False,-0.49644555788100886,False,3172
1774,True,1.3097630710044756,True,3174
1775,True,0.46763705738668565,True,3176
1776,True,0.9966754241160471,True,3178
1777,True,0.8333951403510229,True,3180
1778,True,1.2641077665078169,True,3182
1779,False,-0.7637582051691733,False,3181
1780,True,0.5886176023097486,True,3183
1781,True,0.18375744052272527,True,3185
1782,True,2.4041297805690647,True,3187
1783,True,1.9902668957860266,True,3189
1784,True,0.44386944901779535,True,3191
1785,True,2.199810333070264,True,3193
1786,True,1.3477279060404967,True,3195
1787,True,0.6496834126173878,True,3197
1788,True,2.3699353693798835,True,3199
1789,False,-1.9704675922432755,False,3198
1790,False,-0.24242869921019572,False,3195
1791,False,-0.5406221476516285,True,3193
1792,True,4.104249977717738,True,3195
1793,True,1.1321341607931956,True,3197
1794,False,-1.8951529431373313,False,3196
1795,False,-0.009585058769600682,True,3194
1796,True,2.5520962454724687,True,3196
1797,True,0.9235569408476597,True,3198
1798,True,2.044966427563305,True,3200
1799,False,-2.1373570481964173,False,3199
1800,False,-0.09780213135066376,False,3196
1801,True,0.8801352471189541,True,3198
1802,True,1.7941597420595536,True,3200
1803,True,0.24029196119583424,True,3202
1804,True,1.21684547596813,True,3204
1805,True,0.5111690384245179,True,3206
1806,False,-0.09837103383569745,False,3205
1807,True,1.6669061993626029,True,3207
1808,False,-0.20092480116248665,False,3206
1809,True,2.6141827171758973,True,3208
1810,True,0.41223577989219573,True,3210
1811,True,0.4942450160648279,True,3212
1812,True,3.105687042059736,True,3214
1813,False,-0.39712371432643234,False,3213
1814,True,0.17456774821961252,True,3215
1815,True,0.19744629507905295,True,3217
1816,False,-0.958879683558069,False,3216
1817,True,2.612742668392183,True,3218
1818,False,0.025962500273141384,True,3216
1819,False,-2.813667456803679,False,3215
1820,True,1.0479324755374964,True,3217
1821,True,0.8741736702679794,True,3219
1822,True,2.9363327471055536,True,3221
1823,True,1.7444174137225683,True,3223
1824,True,0.07049136407150083,True,3225
1825,False,-0.6304757871885616,False,3224
1826,True,0.6728772000213685,True,3226
1827,True,0.9329398206371308,True,3228
1828,True,0.32941490823255204,True,3230
1829,True,0.8636475457545443,True,3232
1830,True,2.54827179381669,True,3234
1831,True,0.6152476048036043,True,3236
1832,True,1.2793216406857093,True,3238
1833,False,-0.4508171098689434,False,3237
1834,True,0.28422937447723295,True,3239
1835,False,-0.05513614990511154,False,3238
1836,True,0.967929364891895,True,3240
1837,True,0.9375514706789733,True,3242
1838,True,0.3711034474890394,True,3244
1839,False,-0.9533554469212835,False,3243
1840,False,-0.3041563402133332,False,3240
1841,True,1.5839970625385655,True,3242
1842,False,-0.07371574845407747,False,3241
1843,True,1.1724336072232484,True,3243
1844,False,-0.09995451765242039,False,3242
1845,True,2.441803474895959,True,3244
1846,False,-0.9136287610790861,False,3243
1847,True,1.0191655287320596,True,3245
1848,True,0.6728228657180706,True,3247
1849,True,1.7318363075839616,True,3249
1850,True,1.9604939345531895,True,3251
1851,True,1.997606007598093,True,3253
1852,True,2.226683349990755,True,3255
1853,False,-0.012273558331471979,False,3254
1854,True,0.9718535670827511,True,3256
1855,True,2.67014676926242,True,3258
1856,True,0.2767966503837609,True,3260
1857,True,0.8223951866449456,True,3262
1858,True,0.6832393985186387,True,3264
1859,False,-0.2538605705935481,False,3263
1860,False,-0.1906234523612658,False,3260
1861,True,1.4227188170777902,True,3262
1862,True,0.7896179776006138,True,3264
1863,True,3.9303877567228,True,3266
1864,True,2.720817358641729,True,3268
1865,True,0.772136895742616,True,3270
1866,False,-0.9308091658846964,False,3269
1867,True,0.040235852479748466,True,3271
1868,True,0.9817291414113555,True,3273
1869,True,1.2711639173824207,True,3275
1870,True,1.6571112399324386,True,3277
1871,False,-1.257899351553303,False,3276
1872,False,-0.04253639657024469,False,3273
1873,True,1.155792158338539,True,3275
1874,True,0.7105760826160374,True,3277
1875,True,1.3938981851700578,True,3279
1876,True,2.473604460290313,True,3281
1877,True,1.6859579597142038,True,3283
1878,True,0.8694344901664797,True,3285
1879,False,-1.0818659067299918,False,3284
1880,False,-1.632140519442852,False,3281
1881,True,1.5532732114320411,True,3283
1882,True,2.2093001031905204,True,3285
1883,True,1.9534489157883288,True,3287
1884,True,2.2282232356988128,True,3289
1885,True,0.295562639131771,True,3291
1886,True,0.5497285712016668,True,3293
1887,True,1.7210831024246658,True,3295
1888,True,1.0724929285357843,True,3297
1889,True,0.16620656179868118,True,3299
1890,True,2.2539142623682524,True,3301
1891,True,1.5577562563253051,True,3303
1892,True,3.1210335630182984,True,3305
1893,True,1.9721830511384895,True,3307
1894,False,-0.39114291650046995,False,3306
1895,False,-1.1600718394316125,False,3303
1896,True,2.2174467366632142,True,3305
1897,True,1.2344435269297565,True,3307
1898,True,0.9734733618101071,True,3309
1899,True,1.3032665150144382,True,3311
1900,True,0.7187539935822855,True,3313
1901,False,-0.4374949274840283,False,3312
1902,False,-1.0166163214813575,False,3309
1903,True,0.914372197020836,True,3311
1904,True,0.8722991144073579,True,3313
1905,False,-0.250589663675606,False,3312
1906,True,1.1236566645658872,True,3314
1907,True,2.045446497746084,True,3316
1908,True,2.3794746691398734,True,3318
1909,True,0.46358819923218386,True,3320
1910,True,2.295657895388672,True,3322
1911,False,-0.25148007830777375,False,3321
1912,True,0.938429632514156,True,3323
1913,False,-0.957450023815096,False,3322
1914,False,-0.28413364262557506,False,3319
1915,True,0.15513499277903056,True,3321
1916,True,3.1955652492093485,True,3323
1917,False,-0.4799533025609324,False,3322
1918,True,0.22727590237723339,True,3324
1919,True,0.3339227607368772,True,3326
1920,True,2.2720445377004967,True,3328
1921,True,0.7243865112939495,True,3330
1922,True,0.44058217086435597,True,3332
1923,True,0.6964979011995232,True,3334
1924,False,-2.143126744718999,False,3333
1925,True,1.1249143890220417,True,3335
1926,False,-0.6498763342406991,False,3334
1927,True,0.970091059889646,True,3336
1928,False,-0.6744807181837597,False,3335
1929,True,0.5535122623857531,True,3337
1930,True,2.3901662557992265,True,3339
1931,True,0.4817151419959628,True,3341
1932,True,0.2760621666997039,True,3343
1933,False,-2.407211623391339,False,3342
1934,False,-0.2842813762432244,False,3339
1935,True,-0.0034975647436716745,True,3341
1936,True,0.4266736582553689,True,3343
1937,True,0.24335761711001305,True,3345
1938,False,-1.0049351098243418,False,3344
1939,True,2.492492097544305,True,3346
1940,False,-0.09192994254721991,False,3345
1941,False,-0.0761760907570284,False,3342
1942,True,0.286968733724764,True,3344
1943,True,2.972196896858374,True,3346
1944,True,0.6680708394474896,True,3348
1945,False,-0.7755135595210865,False,3347
1946,True,1.7467796177357284,True,3349
1947,True,3.3161972627796787,True,3351
1948,True,0.18464588502990245,True,3353
1949,False,-1.087892067418937,False,3352
1950,False,-0.826647634215329,False,3349
1951,True,0.3183314906922502,True,3351
1952,True,1.22472006972941,True,3353
1953,True,2.3152764509884762,True,3355
1954,True,2.166889236772696,True,3357
1955,True,1.1488469208255117,True,3359
1956,True,2.4624316797786165,True,3361
1957,True,0.6758660653967197,True,3363
1958,True,1.5686093187385073,True,3365
1959,True,2.320505861511117,True,3367
1960,True,0.43895588859929235,True,3369
1961,False,-0.947049560684734,False,3368
1962,False,-1.5399123622962245,False,3365
1963,True,0.9975757873029827,True,3367
1964,True,2.518943725998402,True,3369
1965,True,2.5429388511262565,True,3371
1966,True,1.0776557035007521,True,3373
1967,True,0.18353471434051663,True,3375
1968,True,3.470515256857116,True,3377
1969,True,2.730749902636218,True,3379
1970,True,0.7542798157114117,True,3381
1971,True,2.8262873790148175,True,3383
1972,True,0.34699273580645335,True,3385
1973,True,1.2163855834574293,True,3387
1974,True,0.1518803326079812,True,3389
1975,True,1.8767378623605198,True,3391
1976,False,-0.775585690989514,False,3390
1977,True,0.5544963760478226,True,3392
1978,True,2.912589070218693,True,3394
1979,False,-0.5067818016480297,False,3393
1980,True,0.020788559433630636,True,3395
1981,True,0.888506609008235,True,3397
1982,True,1.2080930901526556,True,3399
1983,False,-0.9070156276521272,False,3398
1984,False,-0.08191505905954653,False,3395
1985,True,0.9670940175432767,True,3397
1986,True,0.16509411230118576,True,3399
1987,False,-1.1698659221633319,False,3398
1988,True,1.4133539405566038,True,3400
1989,True,1.8690935160261182,True,3402
1990,True,0.41328314560077417,True,3404
1991,True,2.560869183603494,True,3406
1992,False,-0.24791602227080392,False,3405
1993,True,1.3006548329637726,True,3407
1994,True,0.5152199502019956,True,3409
1995,True,0.7775493481814767,True,3411
1996,False,-0.913157292635962,False,3410
1997,True,1.5323236644663973,True,3412
1998,True,1.6577557176300568,True,3414
1999,True,2.6826801346083085,True,3416
2000,False,-0.018741522072073295,False,3415
